component,coefficient
PC1,-5.797624604086461e-12
PC2,-4.533569524014396e-11
