component,importance
PC1,0.5577344323665422
PC2,0.44226556763345787
