component,importance
PC1,0.86744785
PC2,0.13255212
